Entry,Substance,M+.,[M+H]+,CCS,Source,RT
780,Aniline,93.0573,94.0651,120.28,Measured,7.91
752,4-Pyridinamine,94.0526,95.0604,117.8,Measured,7.79
579,Benzaldehyde,106.0414,107.0492,119.62,Measured,7.95
858,2-Methylaniline,107.073,108.0808,125.5,Measured,8.34
447,"1,4-Benzenediamine",108.0682,109.076,122.53,Measured,10.84
750,Histamine,111.0791,112.0869,120.3,Measured,10.82
629,Caprolactam,113.0836,114.0914,123.4,Measured,9.44
793,"2H-Imidazole-2-thione, 1,3-dihydro-1-methyl-",114.0247,115.0325,116.9333333,Measured,7.59
425,2-Methyl-3(2H)-isothiazolone,115.0087,116.0165,120.31,Measured,8.78
414,Hexanamide,115.0992,116.107,131.2,Measured,8.44
883,Indole,117.0573,118.0651,121.28,Measured,9.75
25,Benzotriazole,119.0478,120.0556,122.67,Measured,11.6
475,"Benzenamine, 2,4-dimethyl-",121.0886,122.0964,130.42,Measured,9.13
645,"Benzenamine, N,N-dimethyl-",121.0886,122.0964,127,Measured,7.16
916,"2,6-Dimethylaniline",121.0886,122.0964,130.45,Measured,8.8
28,4-Hydroxybenzaldehyde,122.0363,123.0441,136.33,Measured,12.13
972,Benzoic acid,122.0363,123.0441,122.2,Measured,9.16
27,Niacinamide,122.0475,123.0553,122.5025,Measured,11.99
973,2-Phenylethanol,122.0727,123.0805,121.2,Measured,8.92
483,"1,2-Benzenediamine, 4-methyl-",122.0839,123.0917,128.82,Measured,10.35
852,"1,3-Benzenediamine, 2-methyl-",122.0839,123.0917,123.3,Measured,10.98
951,"1,3-Benzenediamine, 4-methyl-",122.0839,123.0917,123.3,Measured,10.04
9,Niacin,123.0315,124.0393,119.4,Measured,9.72
612,Pyrazinamide,123.0428,124.0506,121.45,Measured,10
946,2-Anisidine,123.0679,124.0757,128.02,Measured,8.16
1003,Maltol,126.0312,127.039,117.7,Measured,8.03
634,Melamine,126.0649,127.0727,123.48,Measured,13.07
826,p-Chloroaniline,127.0184,128.0262,130.82,Measured,8.91
608,"4-Hydroxy-2,5-dimethyl-3(2H)furanone",128.0468,129.0546,123.41,Measured,7.53
658,Dimethadione,129.0421,130.0499,123.5,Measured,7.73
1019,Metformin,129.1009,130.1087,122.45,Measured,11.38
649,"1-Butanamine, N-butyl-",129.1512,130.159,137.32,Measured,9.4
539,5-Fluorouracil,130.0174,131.0252,118.1,Measured,12.35
11,Aminocaproic acid,131.0941,132.1019,130.2,Measured,10.11
8,(2E)-3-Phenylprop-2-enal,132.057,133.0648,123.79,Measured,9.52
30,5-Methyl-1H-benzotriazole,133.0635,134.0713,125.6,Measured,12.37
147,4-Methyl-1H-benzotriazole,133.0635,134.0713,125.945,Measured,17.33
408,Tranylcypromine,133.0886,134.0964,127.6,Measured,9.2
532,"Acetamide, N-phenyl-",135.0679,136.0757,124.65,Measured,10.63
432,"Benzenamine, 2,4,5-trimethyl-",135.1043,136.1121,136.92,Measured,9.16
757,Allopurinol,136.038,137.0458,122.5,Measured,13.23
928,Betahistine,136.0995,137.1073,125.2,Measured,8.95
10,Camphene,136.1247,137.1325,129.8,Measured,9.96
33,Salicylamide,137.0472,138.055,122.2,Measured,12.65
823,Isoniazid,137.0584,138.0662,125.2,Measured,12.59
121,Tyramine,137.0836,138.0914,122.6,Measured,16.71
981,"Benzenamine, 2-methoxy-5-methyl-",137.0836,138.0914,132.14,Measured,8.62
905,p-Nitroaniline,138.0424,139.0502,126.19,Measured,10.72
422,"1,3-Benzenediamine, 4-methoxy-",138.0788,139.0866,131.9,Measured,11.94
471,Pentylenetetrazol,138.09,139.0978,126.185,Measured,13.89
437,4-Nitrophenol,139.0264,140.0342,119.79,Measured,10.56
866,"Phenol, 3-nitro-",139.0264,140.0342,119.82,Measured,10.19
942,Methenamine,140.1057,141.1135,126.55,Measured,9.29
747,Methamidophos,141.0008,142.0086,122.4325,Measured,9.31
975,"Benzenamine, 5-chloro-2-methyl-",141.034,142.0418,132.86,Measured,10.17
592,Dimetridazole,141.0533,142.0611,124.8233333,Measured,9.43
1010,"5-Hepten-2-amine, N,6-dimethyl-",141.1512,142.159,135.62,Measured,7.49
456,"Phenol, 4-chloro-3-methyl-",142.018,143.0258,124.65,Measured,9.23
584,Methylthiouracil,142.0196,143.0274,123.05,Measured,12.07
3,1-Methylnaphthalene,142.0778,143.0856,123.49,Measured,9.06
6,2-Methylnaphthalene,142.0778,143.0856,123.19,Measured,9.41
628,2-Naphthalenamine,143.073,144.0808,127.31,Measured,12.97
867,1-Naphthalenamine,143.073,144.0808,128.77,Measured,11.26
868,Thiobarbituric acid,143.9988,145.0066,125.35,Measured,11.75
666,1-Naphthol,144.057,145.0648,125.28,Measured,11.1
740,Valproic Acid,144.1145,145.1223,115.2,Measured,8.69
707,8-Hydroxyquinoline,145.0523,146.0601,124.72,Measured,11.03
1060,Coumarin,146.0363,147.0441,122.66,Measured,9.74
968,Hexanedioic acid,146.0574,147.0652,126.19,Measured,12.1
494,Myosmine,146.0839,147.0917,128.2,Measured,11.3
93,"5,6-Dimethyl-1H-benzotriazole",147.0791,148.0869,131.25,Measured,15.82
687,Phthalic anhydride,148.0155,149.0233,122.67,Measured,9.56
35,E-Cinnamic acid,148.0519,149.0597,144.4,Measured,12.79
484,5-Chloro-2-methyl-3(2H)-isothiazolone,148.9697,149.9775,122.28,Measured,9.42
550,Triethanolamine,149.1047,150.1125,130.59,Measured,12.88
49,"1,3-Benzothiazol-2(3H)-one",151.0087,152.0165,123.75,Measured,13.85
488,"1,2-Benzisothiazolin-3-one",151.0087,152.0165,127.53,Measured,11.95
486,Amantadine,151.1356,152.1434,137.85,Measured,13.05
12,Methylparaben,152.0468,153.0546,126.1,Measured,10.12
726,4-Hydroxy-3-methoxybenzaldehyde,152.0468,153.0546,129.42,Measured,10.94
502,"Benzenamine, 2-methyl-5-nitro-",152.0581,153.0659,137.25,Measured,13.01
1,Thujone,152.1196,153.1274,140.9,Measured,7.96
2,Camphor,152.1196,153.1274,141.9,Measured,8.45
976,Aminosalicylic Acid,153.0421,154.0499,133.5,Measured,15.54
14,Patulin,154.0261,155.0339,128.455,Measured,10.56
670,"Phenol, 2,6-dimethoxy-",154.0625,155.0703,131.46,Measured,8.11
451,Linalool,154.1353,155.1431,154.42,Measured,11.46
559,Nitrogen mustard,155.0264,156.0342,126.5,Measured,7.66
569,"3-Pyridinecarboxylic acid, 1,2,5,6-tetrahydro-1-methyl-, methyl ester",155.0941,156.1019,131,Measured,9.13
771,Bemegride,155.0941,156.1019,130.5,Measured,10.41
633,Benzedrex,155.1669,156.1747,143.65,Measured,9.24
805,Orotic Acid,156.0166,157.0244,125.8,Measured,14.78
13,"2,6-Dimethylnaphthalene",156.0934,157.1012,126.3,Measured,10.25
20,"2,7-Dimethylnaphthalene",156.0934,157.1012,130.25,Measured,11.17
24,"1,4-Dimethylnaphthalene",156.0934,157.1012,126.9,Measured,11.53
449,"1,6-Dimethylnaphthalene",156.0934,157.1012,127.82,Measured,11.76
819,"Naphthalene, 1,2-dimethyl-",156.0934,157.1012,128.35,Measured,9.9
528,"1,4-Naphthalenedione",158.0363,159.0441,130.04,Measured,11.52
675,"1,5-Naphthalenediamine",158.0839,159.0917,132.17,Measured,15.71
495,"Benzenemethanamine, N-methyl-N-2-propynyl-",159.1043,160.1121,133.9,Measured,9.48
222,1H-Indole-3-ethanamine,160.0995,161.1073,127.6,Measured,19.72
640,Tolazoline,160.0995,161.1073,133.9,Measured,11.84
674,"Benzenamine, 2,4-dichloro-",160.9794,161.9872,133.53,Measured,9.61
783,"1,1'-Carbonyldiimidazole",162.0537,163.0615,131.99,Measured,13.83
1053,Safrole,162.0676,163.0754,138.6,Measured,8.72
890,"pyridine, 3-(1-methyl-2-pyrrolidinyl)-, (S)-",162.1152,163.123,135.42,Measured,10.59
1020,N-Ethylamphetamine,163.1356,164.1434,136.73,Measured,9.48
1015,"N,N-Dimethyl-N-phenylurea",164.0945,165.1023,134.9,Measured,13.19
1001,Jasmone (I),164.1196,165.1274,137,Measured,10.53
818,"1,4-Benzenediamine, N,N-diethyl-",164.1308,165.1386,137.39,Measured,11.98
429,Benzocaine,165.0785,166.0863,145.725,Measured,15.39
681,Ephedrine,165.1149,166.1227,135.725,Measured,11.26
409,Ethionamide,166.056,167.0638,134.8,Measured,11.96
23,Ethylparaben,166.0625,167.0703,129.84,Measured,11.29
21,Fluorene,166.0778,167.0856,130.115,Measured,11.26
702,Cyromazine,166.0962,167.104,134.2766667,Measured,14.88
40,4-(2-Aminoethyl)-2-methoxyphenol,167.0941,168.1019,146.9,Measured,13.05
1023,Zoxazolamine,168.0085,169.0163,129.2,Measured,14.48
411,"9H-Pyrido[3,4-b]indole",168.0682,169.076,132.2,Measured,17.6
908,Chlorzoxazone,168.9926,170.0004,128.5,Measured,11.33
192,Norepinephrine,169.0734,170.0812,133.39,Measured,18.91
19,Ipronidazole,169.0846,170.0924,132.5566667,Measured,11.05
55,Diphenylamine ,169.0886,170.0964,137.24,Measured,13.94
490,"[1,1'-Biphenyl]-4-amine",169.0886,170.0964,145.04,Measured,13.83
672,Propylthiouracil,170.0509,171.0587,133.8,Measured,13.98
34,2-Phenylphenol ,170.0727,171.0805,130.74,Measured,12.73
568,Crimidine,171.0558,172.0636,133.8,Measured,11.61
54,Metronidazole,171.0639,172.0717,130.04,Measured,13.93
157,Gabapentin,171.1254,172.1332,139.075,Measured,17.53
226,Sulfanilamide,172.0301,173.0379,142.5,Measured,19.96
716,Menadione,172.0519,173.0597,129.74,Measured,12.84
840,Terpin Hydrate,172.1458,173.1536,151.21,Measured,10.46
59,Deisopropylatrazine,173.0463,174.0541,132.425,Measured,14.2
507,"Toluene-2,4-diisocyanate",174.0424,175.0502,133.57,Measured,8.18
128,Ascorbic acid,176.0316,177.0394,133,Measured,16.91
749,Pemoline,176.0581,177.0659,151.31,Measured,16.85
287,Serotonin,176.0945,177.1023,150.9,Measured,21.89
921,Cotinine,176.0945,177.1023,140.9,Measured,14.95
17,Metamfepramone,177.1149,178.1227,139.15,Measured,11.01
767,Phenmetrazine,177.1149,178.1227,138.9,Measured,11.59
1004,Phenacemide,178.0737,179.0815,128.3,Measured,15.27
97,Anthracene,178.0778,179.0856,132.065,Measured,15.86
4,Methyleugenol,178.0989,179.1067,137.17,Measured,9.19
1009,Butyl benzoate,178.0989,179.1067,136.29,Measured,10.64
733,Nikethamide,178.1101,179.1179,143.22,Measured,11.34
100,Hippuric acid,179.0577,180.0655,142.4,Measured,16.05
29,Acridine,179.073,180.0808,132,Measured,12.29
467,Phenacetin,179.0941,180.1019,139.7775,Measured,14.4
738,"3,4-Methylenedioxy-amphetamine",179.0941,180.1019,125.11,Measured,12.51
943,Mexiletine,179.1305,180.1383,145.25,Measured,11.49
1027,9H-Fluoren-9-one,180.057,181.0648,132.08,Measured,12.81
45,Theobromine,180.0642,181.072,130.54,Measured,13.43
146,Aminophylline,180.0642,181.072,132.6666667,Measured,17.32
952,Protionamide,180.0716,181.0794,140.25,Measured,12.97
31,Propylparaben,180.0781,181.0859,141.35,Measured,12.42
294,Bifenthrin,180.0934,181.1012,137,Measured,22.04
16,2-(Methylthio)benzothiazole,181.0015,182.0093,131.32,Measured,10.84
807,Adrenalone,181.0734,182.0812,138.2,Measured,15.96
80,Homovanillic acid,182.0574,183.0652,136.3,Measured,15.15
661,"Benzaldehyde, 4-hydroxy-3,5-dimethoxy-",182.0574,183.0652,136.46,Measured,13.85
41,Benzophenone,182.0727,183.0805,136.18,Measured,13.11
796,"9H-Pyrido[3,4-b]indole, 1-methyl-",182.0839,183.0917,136.6,Measured,17.98
133,Epinephrine,183.089,184.0968,139.035,Measured,17.06
625,Dibenzothiophene,184.0342,185.042,132.3,Measured,12.04
932,Fuberidazole,184.0632,185.071,136.05,Measured,15.97
567,Benzidine,184.0995,185.1073,151.62,Measured,16.61
529,10-Undecenoic acid,184.1458,185.1536,154.92,Measured,14.19
457,Carbimazole,186.0458,187.0536,132.65,Measured,14.34
906,Mafenide,186.0458,187.0536,139.32,Measured,17.12
849,Detomidine,186.1152,187.123,145.3,Measured,17.54
71,Deethylatrazine,187.062,188.0698,139.87,Measured,14.62
857,Amrinone,187.0741,188.0819,139,Measured,19.45
39,Molinate,187.1026,188.1104,138.42,Measured,13.02
712,Selegiline,187.1356,188.1434,141.55,Measured,12.05
26,Antipyrine,188.0945,189.1023,137.318,Measured,11.81
489,"N,N-Dimethyltryptamine",188.1308,189.1386,143.5,Measured,15.76
18,Propamocarb,188.152,189.1598,145.645,Measured,11.04
498,Tricyclazole,189.0356,190.0434,135.2,Measured,17.49
525,Thiotepa,189.0485,190.0563,130.5,Measured,12.29
415,Cytisine,190.1101,191.1179,137.9,Measured,19.1
721,Diethyltoluamide,191.1305,192.1383,142.738,Measured,13.12
88,Citric acid,192.0265,193.0343,128.085,Measured,15.54
36,Myristicin,192.0781,193.0859,140.8,Measured,12.8
493,1-Methyl phenanthrene,192.0934,193.1012,137.83,Measured,15.91
556,"Anthracene, 2-methyl-",192.0934,193.1012,137.27,Measured,17.53
43,"N-Methyl-3,4-methylenedioxyamphetamine",193.1098,194.1176,144.785,Measured,13.36
619,Butamben,193.1098,194.1176,158.5,Measured,13.68
810,Isoprocarb (I),193.1098,194.1176,145.8,Measured,12.9
947,"1,3-Benzenedicarboxylic acid, dimethyl ester",194.0574,195.0652,141.19,Measured,9.37
970,"1,4-Benzenedicarboxylic acid, dimethyl ester",194.0574,195.0652,139.95,Measured,9.73
511,9-Phenanthrenol,194.0727,195.0805,136.78,Measured,17.6
112,Caffeine,194.0799,195.0877,137.244,Measured,16.3
997,9-Acridinamine,194.0839,195.0917,136.8,Measured,19.01
959,Hexylresorcinol,194.1302,195.138,139.3,Measured,15.72
174,Salicylurate,195.0527,196.0605,137.5,Measured,18.2
576,"Phenol, 2,3,4-trichloro-",195.9244,196.9322,126.905,Measured,10.97
688,"Phenol, 2,4,6-trichloro-",195.9244,196.9322,126.23,Measured,10.12
648,Beclamide,197.0602,198.068,142.3,Measured,14.81
181,Levodopa,197.0683,198.0761,146.715,Measured,18.38
62,Desethylterbumeton,197.1272,198.135,145.695,Measured,15.43
1021,"Benzenamine, 4,4'-methylenebis-",198.1152,199.123,158.25,Measured,19.41
1026,"9-Acridinamine, 1,2,3,4-tetrahydro-",198.1152,199.123,140,Measured,19.48
500,"Urea, N'-cyclooctyl-N,N-dimethyl-",198.1727,199.1805,150.25,Measured,16.07
1051,Pyrimethanil,199.1104,200.1182,143.77,Measured,15.87
842,"1-Piperazinecarboxamide, N,N-diethyl-4-methyl-",199.168,200.1758,143.2,Measured,14.67
58,(4-Chloro-2-methylphenoxy)acetic acid,200.0235,201.0313,146.16,Measured,14.19
98,Ronidazole,200.0541,201.0619,136.046,Measured,15.86
571,"4,4'-Oxydianiline",200.0945,201.1023,156.99,Measured,19.34
442,Tetrahydrozoline,200.1308,201.1386,144.75,Measured,16.6
50,Dodecanoic acid,200.1771,201.1849,159.7,Measured,13.85
911,Carzenide,201.0091,202.0169,138.82,Measured,15.7
191,Thiabendazole,201.0356,202.0434,138,Measured,18.82
46,Simazine,201.0776,202.0854,143.136,Measured,13.44
66,Desethylterbuthylazine,201.0776,202.0854,144.255,Measured,14.46
470,Carbaryl,201.0785,202.0863,150,Measured,14.24
202,Metamitron,202.085,203.0928,142.2533333,Measured,19.29
719,(+/-)-Norfenfluramine,203.0917,204.0995,147.32,Measured,8.46
75,Ampyrone,203.1054,204.1132,143.34,Measured,14.77
178,Levamisole,204.0716,205.0794,142.5525,Measured,18.28
572,"Imidazo[2,1-b]thiazole, 2,3,5,6-tetrahydro-6-phenyl-",204.0716,205.0794,142.6,Measured,18.28
896,Psilocin,204.1258,205.1336,144.8,Measured,17.65
410,Ethambutol,204.1833,205.1911,146.6,Measured,14.49
593,Phenformin,205.1322,206.14,145.15,Measured,17.21
1014,Diethylpropion,205.1462,206.154,147.3533333,Measured,12.29
79,Dicloran,205.9645,206.9723,132.625,Measured,15.02
638,"Propanediamide, 2-ethyl-2-phenyl-",206.105,207.1128,143.8,Measured,17.14
179,"3,6-Dimethylphenanthrene",206.1091,207.1169,144.44,Measured,18.34
96,Isoproturon,206.1414,207.1492,152.39,Measured,15.85
32,Cashmeran ,206.1666,207.1744,148.04,Measured,12.43
51,"4-(1,1,3,3-Tetramethylbutyl)phenol",206.1666,207.1744,156.73,Measured,13.86
595,"Phenol, 2,4-bis(1,1-dimethylethyl)-",206.1666,207.1744,152.29,Measured,12.93
52,Promecarb,207.1254,208.1332,150.39,Measured,13.88
803,"3,4-Methylenedioxy-N-ethylamphetamine",207.1254,208.1332,147.05,Measured,13.66
872,"9,10-Anthracenedione",208.0519,209.0597,139.4033333,Measured,15.33
604,Aminocarb,208.1207,209.1285,152.4,Measured,15.37
812,Pilocarpine,208.1207,209.1285,146.05,Measured,18.55
617,Propoxur (I),209.1047,210.1125,149.1,Measured,12.69
913,Acibenzolar-S-methyl,209.9917,210.9995,136.55,Measured,17.01
466,Naphazoline,210.1152,211.123,148.8333333,Measured,17.91
777,"9H-Carbazol-3-amine, 9-ethyl-",210.1152,211.123,155.62,Measured,19.53
808,Milrinone,211.0741,212.0819,150.5,Measured,18.63
48,Propachlor,211.0759,212.0837,142.6966667,Measured,13.81
1017,Mefenorex,211.1123,212.1201,146.62,Measured,13.81
172,Metaproterenol,211.1203,212.1281,149.3733333,Measured,18.11
656,Isoproterenol,211.1203,212.1281,149.7,Measured,17.61
964,Methoxamine,211.1203,212.1281,143.5,Measured,15.41
910,Zonisamide,212.0251,213.0329,139.55,Measured,17.96
657,Chlortoluron,212.0711,213.0789,147.692,Measured,14.02
441,Harmine,212.0945,213.1023,144.5,Measured,20.23
751,"3,3'-Dimethylbenzidine",212.1308,213.1386,162.11,Measured,18.31
57,Omethoate ,213.022,214.0298,135.8,Measured,14.18
56,Chlorpropham ,213.0552,214.063,145.61,Measured,14.02
673,Baclofen,213.0552,214.063,149.2,Measured,16.31
613,"benzenesulfonamide, N-butyl-",213.0818,214.0896,149.9,Measured,15.21
44,Clorprenaline,213.0915,214.0993,145.795,Measured,13.41
820,Phenazopyridine,213.1009,214.1087,147.05,Measured,20.93
714,Simetryn,213.1043,214.1121,150.4,Measured,17
197,Sulfacetamide,214.0407,215.0485,144.055,Measured,19.02
692,Monolinuron,214.0504,215.0582,144.4,Measured,14.36
187,Sulfaguanidine,214.0519,215.0597,144.585,Measured,18.54
138,3-Phenoxybenzoic acid,214.0625,215.0703,155.84,Measured,17.14
103,Metribuzin,214.0883,215.0961,147.81,Measured,16.14
846,Harmaline,214.1101,215.1179,146.2,Measured,20.02
53,Atrazine,215.0933,216.1011,149.694,Measured,13.92
603,"2-Norbornanamine, N-ethyl-3-phenyl-",215.1669,216.1747,154.82,Measured,14.81
836,Methoxsalen,216.0418,217.0496,139.25,Measured,18.29
732,Terbacil,216.0661,217.0739,146.51,Measured,14.96
596,"Benzenamine, 4,4'-thiobis-",216.0716,217.0794,161.87,Measured,18.16
232,Benzo(c)fluorene ,216.0934,217.1012,141.98,Measured,20.15
699,"N,N-Diethyltryptamine",216.1621,217.1699,148.6,Measured,17.19
108,Propanil,217.0056,218.0134,144.28,Measured,16.21
512,Captopril,217.0768,218.0846,142.53,Measured,16.7
212,Pymetrozine,217.0959,218.1037,152.1366667,Measured,19.5
1033,Pyracarbolid,217.1098,218.1176,150.95,Measured,17.36
82,Ethoxyquin,217.1462,218.154,154.295,Measured,15.11
763,Prolintane,217.1825,218.1903,153.04,Measured,13.98
684,Diphenyl sulfone,218.0397,219.0475,141.5,Measured,21.79
156,Primidone,218.105,219.1128,147.2125,Measured,17.52
614,Ornidazole,219.0406,220.0484,142.2,Measured,14.82
1005,"1-Naphthalenamine, N-phenyl-",219.1043,220.1121,147.95,Measured,16.34
7,Dichlorvos ,219.9454,220.9532,134.7075,Measured,9.48
150,Xylazine,220.1029,221.1107,148.255,Measured,17.4
844,"2,5-Cyclohexadiene-1,4-dione, 2,6-bis(1,1-dimethylethyl)-",220.1458,221.1536,155.96,Measured,13.8
1063,"2,5-Di-tert-butylcyclohexa-2,5-diene-1,4-dione",220.1458,221.1536,156.45,Measured,13
725,Prilocaine,220.1571,221.1649,153.65,Measured,16.17
134,4-Nonylphenol,220.1822,221.19,159.64,Measured,17.06
745,Butylated Hydroxytoluene,220.1822,221.19,159.39,Measured,13.07
262,Chloridazon,221.0351,222.0429,141.85,Measured,21.28
162,Methabenzthiazuron,221.0618,222.0696,143.1925,Measured,17.69
70,Carbofuran,221.1047,222.1125,148.952,Measured,14.6
607,Metaxalone,221.1047,222.1125,154,Measured,19.09
468,Procarbazine,221.1523,222.1601,155.1,Measured,17.74
445,"5-Acetamido-1,3,4-thiadiazole-2-sulfonamide",221.9876,222.9954,139.4,Measured,18.96
256,Acetamiprid,222.0667,223.0745,152.21,Measured,20.93
737,Phenindione,222.0676,223.0754,144.85,Measured,18.55
90,Monobutyl phthalate,222.0887,223.0965,151.11,Measured,15.65
822,Apiol,222.0887,223.0965,146.1,Measured,14.56
741,Isophorone diisocyanate,222.1363,223.1441,160.55,Measured,14.78
1031,Mexacarbate,222.1363,223.1441,156.6,Measured,15.9
900,Cedrol,222.1979,223.2057,145.9,Measured,13.61
904,Guaiol,222.1979,223.2057,146.3,Measured,13.69
64,Monocrotophos,223.0605,224.0683,145.86,Measured,14.38
198,Mepanipyrim,223.1104,224.1182,153.396,Measured,18.37
435,Ethamivan,223.1203,224.1281,149.37,Measured,17.28
728,Bufexamac,223.1203,224.1281,160.55,Measured,17.58
22,Mevinphos,224.0445,225.0523,136.8,Measured,11.28
15,Tripropyl phosphate,224.1172,225.125,149.05,Measured,10.82
137,Methiocarb ,225.0818,226.0896,152.26,Measured,17.13
708,Drometrizole,225.0897,226.0975,147.36,Measured,19.05
230,Cyprodinil,225.1261,226.1339,153.814,Measured,20.09
784,2-Amino-5-azotoluene,225.1261,226.1339,156.22,Measured,19.74
177,Terbutaline,225.136,226.1438,155.2366667,Measured,18.26
87,Terbumeton,225.1585,226.1663,156.84,Measured,14.92
616,Prometon,225.1585,226.1663,158,Measured,14.67
1050,Secbumeton,225.1585,226.1663,157.9,Measured,15.63
907,Carbidopa,226.0949,227.1027,145.55,Measured,18.96
957,"Benzenamine, 4,4'-methylenebis[2-methyl-",226.1465,227.1543,168.98,Measured,19.86
566,"1,8-Diazacyclotetradecane-2,9-dione",226.1676,227.1754,152.46,Measured,25.29
862,Ametryne,227.12,228.1278,156.8,Measured,17.29
814,Tetradecanamide,227.2244,228.2322,177.85,Measured,17.47
85,Triphenylene,228.0934,229.1012,144.81,Measured,15.37
284,Benzo[a]anthracene,228.0934,229.1012,144.42,Measured,21.77
561,Tebuthiuron,228.104,229.1118,152.05,Measured,16.2
74,Dimethoate ,228.9991,230.0069,140.2166667,Measured,14.74
540,Clonidine,229.0169,230.0247,143,Measured,18.6
851,Flonicamid,229.0458,230.0536,148,Measured,13.77
81,Terbuthylazine,229.1089,230.1167,154.468,Measured,15.16
86,Propazine,229.1089,230.1167,155.78,Measured,15.44
446,Sebuthylazine,229.1089,230.1167,155.4,Measured,16.47
487,Furfurylmethylamphetamine,229.1462,230.154,150.02,Measured,15.65
535,Diazoxide,229.9912,230.999,143.15,Measured,18.29
101,7H-Benz[de]anthracen-7-one,230.0727,231.0805,144.61,Measured,16.06
990,Kavain,230.0938,231.1016,149.4,Measured,18.29
806,Propyphenazone,230.1414,231.1492,150,Measured,17.23
999,Isocarboxazid,231.1003,232.1081,152.1,Measured,17.45
477,Fenfluramine,231.123,232.1308,150.365,Measured,9.57
855,Aminopyrine,231.1367,232.1445,151.8866667,Measured,13.8
140,Diuron,232.0165,233.0243,149.416,Measured,17.23
42,Fluometuron,232.0818,233.0896,149.75,Measured,13.2
185,Nalidixic acid,232.0843,233.0921,145.19,Measured,18.46
859,Aminoglutethimide,232.1207,233.1285,165.9666667,Measured,19.68
792,"Propanamide, N-phenyl-N-4-piperidinyl-",232.1571,233.1649,156.2066667,Measured,17.75
506,Methylphenidate,233.1411,234.1489,153.64,Measured,15.31
816,"4-Piperidinecarboxylic acid, 4-phenyl-, ethyl ester",233.1411,234.1489,155.2,Measured,15.29
238,Chinomethionat,233.9917,234.9995,143.165,Measured,20.38
83,"3,5-Di-tert-Butyl-4-hydroxybenzaldehyde",234.1615,235.1693,165.035,Measured,15.21
438,"2,6-Di-tert-butyl-4-ethylphenol",234.1979,235.2057,167.25,Measured,14.85
557,Carboxin,235.0662,236.074,151.25,Measured,19.4
515,Amylocaine,235.1567,236.1645,157.79,Measured,13.51
845,Procainamide,235.168,236.1758,155.2,Measured,20.27
523,Methazolamide,236.0033,237.0111,144.3,Measured,19.14
769,Carbromal,236.0155,237.0233,139.8,Measured,15.73
713,Procaine,236.152,237.1598,154.1,Measured,18.11
65,Dicrotophos,237.0761,238.0839,148.385,Measured,14.31
124,Ketamine,237.0915,238.0993,148.98,Measured,16.77
104,3-Hydroxycarbofuran,237.0996,238.1074,149.06,Measured,16.19
682,Proxyphylline,238.1061,239.1139,149.1,Measured,18.8
786,"5H-Dibenz[b,f]azepine-5-carboxamide, 10,11-dihydro-",238.1101,239.1179,151.4,Measured,20.71
643,Pentaethylene glycol,238.1411,239.1489,150.3,Measured,15.92
99,Pirimicarb,238.1425,239.1503,155.95,Measured,15.89
106,Muscone ,238.2292,239.237,161.17,Measured,16.21
78,Clomazone,239.0708,240.0786,146.72,Measured,14.9
891,Bupropion,239.1072,240.115,157.4333333,Measured,14.7
188,Albuterol,239.1516,240.1594,158.8628571,Measured,18.63
582,Isoetharine,239.1516,240.1594,154.7,Measured,17.76
1038,Benzphetamine,239.1669,240.1747,154.8,Measured,16.3
94,Picloram,239.9255,240.9333,141.9,Measured,15.83
679,Tetramethylthiuram disulfide,239.9878,240.9956,148.4,Measured,13.17
809,Danthron,240.0418,241.0496,145.6,Measured,21.13
38,Bentazone,240.0564,241.0642,145.63,Measured,12.93
600,Pheniramine,240.1621,241.1699,153.8,Measured,16.04
102,Methiocarb sulfoxide,241.0768,242.0846,156.88,Measured,16.13
193,Mefenamic acid,241.1098,242.1176,152.2875,Measured,18.92
130,Terbutryn,241.1356,242.1434,160.3825,Measured,17
404,Prometryn,241.1356,242.1434,162.4666667,Measured,15.61
522,Hexadecylamine,241.2765,242.2843,179.99,Measured,16.59
874,"1-Hexanamine, 2-ethyl-N-(2-ethylhexyl)-",241.2765,242.2843,173.52,Measured,13.89
941,Ethoprophos,242.0559,243.0637,149.27,Measured,13.83
307,Lumichrome,242.0799,243.0877,153.4,Measured,22.47
5,Thymidine,242.0898,243.0976,154.2,Measured,9.36
322,5-Methylchrysene ,242.1091,243.1169,149.18,Measured,22.88
129,Pentadecanoic acid,242.2241,243.2319,165,Measured,16.95
77,Cyanophos,243.0114,244.0192,151.44,Measured,14.85
650,"Benzidine, 3,3'-dimethoxy-",244.1207,245.1285,168.33,Measured,20.92
578,Xylometazoline,244.1934,245.2012,168.9333333,Measured,19.02
139,4-Acetamidoantipyrine,245.1159,246.1237,154.63,Measured,17.2
611,Mepivacaine,246.1727,247.1805,157.8,Measured,18.61
551,"Benzene, 1,3,5-tri-tert-butyl-",246.2343,247.2421,173.59,Measured,12.7
988,"4-Piperidinecarboxylic acid, 1-methyl-4-phenyl-, ethyl ester",247.1567,248.1645,158.745,Measured,13.58
143,Linuron,248.0114,249.0192,151.6566667,Measured,17.25
207,Fludioxonil,248.0392,249.047,147.68,Measured,19.22
335,Dapsone,248.0614,249.0692,152.42,Measured,23.53
966,Pyrimethamine,248.0824,249.0902,155.35,Measured,18.46
659,Pindolol,248.152,249.1598,158.35,Measured,20.47
321,Sulfapyridine,249.0567,250.0645,150.4333333,Measured,22.88
781,Alprenolol,249.1724,250.1802,159.05,Measured,16.36
37,Pentachlorobenzene ,249.8486,250.8564,130.33,Measured,12.88
152,"4,4'-Dichlorobenzophenone",249.9947,251.0025,150.42,Measured,17.45
533,Heptenophos,250.0157,251.0235,144.04,Measured,15.46
580,Diflunisal,250.0437,251.0515,152.4,Measured,17.71
311,Sulfadiazine,250.0519,251.0597,151.092,Measured,22.57
924,"4,4'-Diphenylmethane diisocyanate",250.0737,251.0815,159.83,Measured,21.3
636,Methaqualone,250.1101,251.1179,155.25,Measured,16.14
778,"7-Amino-2,3-dihydro-5-phenyl-1H-1,4-benzodiazepin-2-one",251.1054,252.1132,158.1,Measured,24.79
132,Prosulfocarb,251.1339,252.1417,157.7066667,Measured,17.07
581,"[1,1'-Biphenyl]-4,4'-diamine, 3,3'-dichloro-",252.0216,253.0294,164.72,Measured,17.82
250,Thiacloprid,252.0231,253.0309,156.97,Measured,20.71
281,"Carbamazepine-10,11-epoxide",252.0894,253.0972,155.59,Measured,21.69
472,Phenytoin,252.0894,253.0972,162.9,Measured,20.15
123,Perylene,252.0934,253.1012,151.5,Measured,16.76
345,Benzo[j]fluoranthene ,252.0934,253.1012,149.99,Measured,24.24
869,Trinexapac-ethyl,252.0993,253.1071,152.92,Measured,18.18
417,Cimetidine,252.1152,253.123,155.7,Measured,20.46
161,Hexazinone,252.1581,253.1659,161.3,Measured,17.65
144,Ambrettolide,252.2084,253.2162,160.94,Measured,17.26
897,Chlorguanide,253.1089,254.1167,161.15,Measured,19.39
848,"1H-2,5-Benzoxazocine, 3,4,5,6-tetrahydro-5-methyl-1-phenyl-",253.1462,254.154,157.35,Measured,18.14
1055,Fenbufen,254.0938,255.1016,164.49,Measured,20.67
677,Dyphylline,254.101,255.1088,152.35,Measured,20.16
314,Sulfathiazole,255.0131,256.0209,150.075,Measured,22.65
84,Propyzamide,255.0213,256.0291,157.665,Measured,15.33
779,Ketorolac,255.089,256.0968,155.2,Measured,20.82
117,Dimethachlor,255.1021,256.1099,151.705,Measured,16.59
1062,Diphenylhydramine,255.1618,256.1696,162.2,Measured,14.87
917,Tripelennamine,255.173,256.1808,158.5,Measured,17.72
736,Trichlorfon,255.9221,256.9299,136.8933333,Measured,10.43
118,"2,4,4'-Trichlorobiphenyl",255.9608,256.9686,144.79,Measured,16.54
171,n-Hexadecanoic acid,256.2397,257.2475,174.79,Measured,17.91
148,Thiobencarb,257.0636,258.0714,156.805,Measured,17.36
1018,Meclofenoxate,257.0814,258.0892,151.5,Measured,15.83
433,Benserazide,257.1007,258.1085,153.28,Measured,22.85
925,Tolmetin,257.1047,258.1125,156.7,Measured,20.39
626,"Morphinan-3-ol, 17-methyl-",257.1775,258.1853,161.7,Measured,19.84
967,Metobromuron,257.9999,259.0077,146.6775,Measured,15.63
912,Thalidomide,258.0636,259.0714,148.6,Measured,23.18
107,Traseolide ,258.1979,259.2057,168.93,Measured,16.21
113,Tonalide ,258.1979,259.2057,168.29,Measured,16.32
1029,"Bromo-2,5-dimethoxyphenylethylamine",259.0203,260.0281,156.6,Measured,16.45
698,Clobenzorex,259.1123,260.1201,156.31,Measured,17.69
609,Primaquine,259.168,260.1758,160.8,Measured,20.81
870,Hexachlorobutadiene,259.8097,260.8175,131.11,Measured,10.52
73,Phorate ,260.0123,261.0201,149.05,Measured,14.71
95,Bromacil,260.0155,261.0233,143.31,Measured,15.85
552,Tiaprofenic Acid,260.0502,261.058,155.1,Measured,19.91
758,Carisoprodol,260.1731,261.1809,149.1,Measured,16.46
985,Oxymetazoline,260.1884,261.1962,169.9,Measured,19.33
574,Methapyrilene,261.1295,262.1373,157.2,Measured,15.04
115,Demeton-S-methylsulfone,262.0094,263.0172,143.265,Measured,16.46
273,Carbadox,262.0697,263.0775,154.6366667,Measured,21.58
63,Methyl parathion,263.0012,264.009,150.39,Measured,14.37
788,Ticlopidine,263.053,264.0608,154.3,Measured,18.84
439,Protriptyline,263.1669,264.1747,162.8,Measured,20.31
787,Nortriptyline,263.1669,264.1747,163.3,Measured,18.66
167,Tramadol,263.188,264.1958,160.8333333,Measured,17.86
194,Norvenlafaxine,263.188,264.1958,165.74,Measured,18.95
320,Sulfamerazine,264.0676,265.0754,156.586,Measured,22.84
914,"Dibenzo[c,f]pyrazino[1,2-a]azepine, 1,2,3,4,10,14b-hexahydro-2-methyl-",264.1621,265.1699,163.6,Measured,19.9
541,Tetracaine,264.1833,265.1911,173.176,Measured,20.05
860,Mirtazapine,265.1574,266.1652,159.8333333,Measured,20.33
453,Oxprenolol,265.1673,266.1751,161.61,Measured,17.25
92,Chlorothalonil ,265.8781,266.8859,150.03,Measured,15.8
590,"Benzenamine, 4,4'-methylenebis[2-chloro-",266.0373,267.0451,171.26,Measured,22.71
919,Trimetazidine,266.1625,267.1703,159.7666667,Measured,19.02
563,Desipramine,266.1778,267.1856,162.7,Measured,18.02
929,Cyclizine,266.1778,267.1856,165.0333333,Measured,16.41
739,Sulfisoxazole,267.0673,268.0751,158.765,Measured,21.36
560,Zidovudine,267.0963,268.1041,157.32,Measured,21.37
1052,Azacyclonol,267.1618,268.1696,162.8,Measured,19.38
180,Metoprolol,267.1829,268.1907,171.835,Measured,18.35
710,Dichlorophen,268.0053,269.0131,147.4,Measured,19.61
1024,Moclobemide,268.0974,269.1052,161.9666667,Measured,19.92
283,Diethylstilbestrol,268.1458,269.1536,175.64,Measured,21.74
170,Mephosfolan,269.0304,270.0382,153.24,Measured,16
122,Alachlor,269.1178,270.1256,155.59,Measured,16.73
127,Acetochlor,269.1178,270.1256,157.4,Measured,16.89
424,Mepronil,269.1411,270.1489,170.4,Measured,18.05
683,Apigenin,270.0523,271.0601,156,Measured,26.43
413,Nordazepam,270.0555,271.0633,160.1,Measured,22.27
68,Cadusafos,270.0872,271.095,157.48,Measured,14.66
1025,Medazepam,270.0919,271.0997,160.8,Measured,20.93
644,Tolbutamide,270.1033,271.1111,162,Measured,17.6
937,Chloroprocaine,270.113,271.1208,158.9,Measured,18.96
711,17beta-Trenbolone,270.1615,271.1693,164.8633333,Measured,24.2
562,Doxylamine,270.1727,271.1805,161.7,Measured,17.43
903,Acetaminosalol,271.084,272.0918,168.2,Measured,19.53
480,Methoprotryne,271.1462,272.154,169.35,Measured,19.75
718,Dextromethorphan,271.1931,272.2009,165.2666667,Measured,20.1
1043,Sotalol,272.119,273.1268,166.478,Measured,19.75
958,Chlormezanone,273.0221,274.0299,158,Measured,19.78
715,Fenpropidin,273.2452,274.253,166.39,Measured,17.72
895,Chlorpheniramine,274.1232,275.131,164.1333333,Measured,18.17
326,Nandrolone,274.1928,275.2006,168.5225,Measured,22.99
984,Paraoxon,275.0554,276.0632,156.76,Measured,17.28
653,Cyclobenzaprine,275.1669,276.1747,164.2,Measured,21.36
850,Chloropropamide,276.033,277.0408,157.9,Measured,15.03
166,Clenbuterol,276.0791,277.0869,163.725,Measured,17.82
381,"Indeno[1,2,3-cd]pyrene ",276.0934,277.1012,155.22,Measured,26.93
986,Cyclandelate,276.172,277.1798,171.5,Measured,16.93
1059,"7,9-Di-tert-butyl-1-oxaspiro(4,5)deca-6,9-diene-2,8-dione",276.172,277.1798,173.89,Measured,17.05
61,Bromoxynil,276.8556,277.8634,128.69,Measured,14.31
76,Fenitrothion,277.0169,278.0247,156.155,Measured,14.83
663,Acecainide,277.1785,278.1863,170.5,Measured,23.09
676,Amitriptyline,277.1825,278.1903,166.75,Measured,17.54
825,Maprotiline,277.1825,278.1903,163.7,Measured,20.96
72,Fenthion,278.0195,279.0273,156.445,Measured,14.63
306,Sulfisomidine,278.0832,279.091,170,Measured,22.47
519,Triphenylphosphine oxide,278.0856,279.0934,162.29,Measured,18.45
379,"Dibenzo[a,h]anthracene ",278.1091,279.1169,158.92,Measured,26.63
235,Oxadixyl,278.1262,279.134,164.9333333,Measured,19.17
443,Pentoxifylline,278.1374,279.1452,158.15,Measured,21.63
353,Diethylhexyl phthalate,278.1513,279.1591,168.91,Measured,24.66
448,Triprolidine,278.1778,279.1856,169,Measured,20.27
213,Linolenic acid,278.2241,279.2319,173.9,Measured,19.53
131,Metalaxyl,279.1466,280.1544,160.8814286,Measured,17.13
756,Doxepin,279.1618,280.1696,163.4333333,Measured,20.18
549,Sulfameter,280.0625,281.0703,159.6333333,Measured,23.51
944,Sulfamethoxypyridazine,280.0625,281.0703,158.85,Measured,24.34
497,Phenprocoumon,280.1094,281.1172,160,Measured,21.61
423,Imipramine,280.1934,281.2012,165.3,Measured,16.86
209,Linoleic acid,280.2397,281.2475,179.47,Measured,19.46
668,Nitrazepam,281.0795,282.0873,164.95,Measured,23.98
91,Propethamphos ,281.0846,282.0924,163.12,Measured,15.71
1013,Trimetozine,281.1258,282.1336,164.5,Measured,20.15
125,Pendimethalin,281.1371,282.1449,159.805,Measured,16.78
776,Diphenylpyraline,281.1775,282.1853,173.4,Measured,16.88
1056,Alverine,281.2138,282.2216,167.6,Measured,19.36
513,(9Z)-Octadec-9-enamide,281.2714,282.2792,190.49,Measured,21.22
211,Oleic acid,282.2554,283.2632,180.01,Measured,19.5
190,Procymidone,283.0162,284.024,161.2933333,Measured,18.72
965,Penconazole,283.0638,284.0716,165.4,Measured,19.07
149,Metolachlor,283.1334,284.1412,159.6016667,Measured,17.37
703,Octadecanamide,283.287,284.2948,192.78,Measured,21.39
69,Hexachlorobenzene ,283.8097,284.8175,134.68,Measured,14.6
405,Diazepam,284.0711,285.0789,164.55,Measured,16.51
831,Psilocybine,284.0921,285.0999,157.3,Measured,21.99
827,Articaine,284.119,285.1268,164,Measured,18.8
804,Promethazine,284.1342,285.142,162.6666667,Measured,20.32
1048,Promazine,284.1342,285.142,161.45,Measured,16.85
427,Tropicamide,284.152,285.1598,169.05,Measured,21.4
220,Stearine acid,284.271,285.2788,183.84,Measured,19.71
119,Vinclozolin ,284.9954,286.0032,162.1,Measured,16.55
800,Cladribine,285.0624,286.0702,154.2,Measured,22.09
476,Probenecid,285.103,286.1108,160.5,Measured,20.17
286,Morphine,285.136,286.1438,164.25,Measured,21.83
570,Norcodeine,285.136,286.1438,167.5,Measured,21.61
729,Piperine,285.136,286.1438,173.45,Measured,24.35
977,Hydromorphone,285.136,286.1438,164.1633333,Measured,21.62
1022,Pyrilamine,285.1836,286.1914,168.45,Measured,20.06
949,Pentazocine,285.2088,286.2166,174.035,Measured,20.53
407,Oxazepam,286.0504,287.0582,162.3,Measured,21.12
865,N-Desmethylclobazam,286.0504,287.0582,161.7,Measured,22.99
135,Ethofumesate,286.087,287.0948,164.645,Measured,17.08
553,Thonzylamine,286.1789,287.1867,167.3,Measured,16.15
304,"4-Androstene-3,17-dione",286.1928,287.2006,172.55,Measured,22.36
686,Vamidothion,287.041,288.0488,158.8,Measured,19.28
350,Ritodrine,287.1516,288.1594,166.4425,Measured,24.32
602,Dihydromorphine,287.1516,288.1594,163.6,Measured,21.76
641,Cyproheptadine,287.1669,288.1747,171.61,Measured,21.17
983,Procyclidine,287.2244,288.2322,171.6333333,Measured,19.48
259,Myclobutanil,288.1137,289.1215,174.5566667,Measured,21.07
685,Bupivacaine,288.2197,289.2275,171.9666667,Measured,20.31
325,Benzoylecgonine,289.1309,290.1387,167.79,Measured,22.95
594,Chloropyramine,289.1341,290.1419,167.9,Measured,19.76
444,Dyclonine,289.2037,290.2115,179.3,Measured,20.71
621,Chloroxuron,290.0817,291.0895,174.385,Measured,21.27
764,Carbinoxamine,290.1181,291.1259,167,Measured,19.01
318,Benomyl,290.1374,291.1452,146.68,Measured,22.76
877,Azatadine,290.1778,291.1856,171,Measured,21.32
253,Octinoxate,290.1877,291.1955,183.43,Measured,20.83
312,5Alpha-dihydrotestosterone,290.2241,291.2319,177.255,Measured,22.6
245,Thiamethoxam,291.0188,292.0266,158.16,Measured,20.55
158,Parathion,291.0325,292.0403,159.245,Measured,17.54
918,Cyproconazole (I),291.1133,292.1211,168.8875,Measured,20.38
824,"Benzeneacetic acid, ?-hydroxy-, 1,2,2,6-tetramethyl-4-piperidinyl ester",291.1829,292.1907,167.2,Measured,18.48
886,Cyclopentolate,291.1829,292.1907,169,Measured,18.11
159,"2,2',5,5'-Tetrachlorobiphenyl",291.919,292.9268,151.98,Measured,17.62
219,"3,4,4',5-Tetrachlorobiphenyl",291.919,292.9268,152.65,Measured,19.67
233,"3,3',4,4'-Tetrachlorobiphenyl",291.919,292.9268,152.09,Measured,20.16
775,Climbazole,292.0974,293.1052,171.1,Measured,19.15
160,Triadimefon,293.0926,294.1004,172.9466667,Measured,17.64
856,Paclobutrazol,293.129,294.1368,170.386,Measured,19.19
499,Pramocaine,293.1986,294.2064,178.3,Measured,16.91
744,Chlorbromuron,293.9587,294.9665,152.25,Measured,18.08
195,Pyrifenox (I),294.0322,295.04,164.53,Measured,18.97
450,Estazolam,294.0667,295.0745,168.1,Measured,25.22
151,Musk ketone ,294.1211,295.1289,170.47,Measured,17.41
285,Aspartame,294.1211,295.1289,167.4,Measured,21.78
671,Cinchonidine,294.1727,295.1805,168.9,Measured,23.09
662,Proxymetacaine,294.1938,295.2016,176.4,Measured,20.7
1058,Trimipramine,294.2091,295.2169,170.25,Measured,20.06
186,Methyl linoleate,294.2554,295.2632,186,Measured,18.51
89,Quintozene ,294.8337,295.8415,146.24,Measured,15.57
630,Chlorothiazide,294.9483,295.9561,161.0366667,Measured,21.36
555,Nimetazepam,295.0952,296.103,169.7,Measured,23.55
770,Mebendazole,295.0952,296.103,172.2,Measured,25.54
184,Triadimenol,295.1083,296.1161,172.08,Measured,18.46
518,Pizotyline,295.139,296.1468,174.8,Measured,21.26
201,Imazalil,296.0478,297.0556,166.23,Measured,19.28
419,Disulfiram,296.0504,297.0582,165.5,Measured,19.25
114,Musk xylene ,297.0956,298.1034,168.06,Measured,16.39
141,Spiroxamine (I),297.2663,298.2741,183.5233333,Measured,17.24
176,Quinalphos,298.0536,299.0614,163.57,Measured,18.75
995,Mefenacet,298.0771,299.0849,169.1,Measured,22.92
748,Nialamide,298.1425,299.1503,173.7,Measured,23.53
1061,Trimeprazine,298.1499,299.1577,166.8,Measured,21.06
597,Norethynodrel,298.1928,299.2006,174.6,Measured,23.72
940,Norethindrone,298.1928,299.2006,174.9666667,Measured,24.11
214,Azaconazole,299.0223,300.0301,161.905,Measured,20.21
105,Phosphamidon isomer 2,299.0684,300.0762,156.9166667,Measured,16.2
342,Norflunitrazepam,299.0701,300.0779,165.2,Measured,24.08
564,Fenbendazole,299.0723,300.0801,172.65,Measured,24.08
334,Metoclopramide,299.1396,300.1474,172.2425,Measured,23.46
265,Codeine,299.1516,300.1594,168.724,Measured,21.34
276,Hydrocodone,299.1516,300.1594,167.9533333,Measured,21.61
799,Nylidrin,299.188,300.1958,168,Measured,21.12
47,Tolclofos-methyl,299.9539,300.9617,150.3366667,Measured,13.71
473,Clobazam,300.0661,301.0739,165.7,Measured,22.95
878,Temazepam,300.0661,301.0739,166.1,Measured,23
987,Desmedipham,300.1105,301.1183,182,Measured,21.89
960,Chlorcyclizine,300.1388,301.1466,173.4,Measured,20.12
723,Apazone,300.1581,301.1659,169.5,Measured,19.94
881,Retinoic acid,300.2084,301.2162,175.4,Measured,22.91
1011,Methandrostenolone,300.2084,301.2162,175.9,Measured,24.13
257,Fenhexamid,301.0631,302.0709,165.926,Measured,22.07
210,Flutriafol,301.1022,302.11,165.745,Measured,19.49
296,Fenoxycarb,301.1309,302.1387,179.805,Measured,21.66
460,Furalaxyl,301.1309,302.1387,165.4833333,Measured,18.63
926,"7,8-Dihydro-14-hydroxymorphinone",301.1309,302.1387,165.1133333,Measured,22.71
252,Isoxsuprine,301.1673,302.1751,172.52,Measured,20.82
651,Dobutamine,301.1673,302.1751,168.1,Measured,25.71
841,Dihydrocodeine Bitartrate,301.1673,302.1751,168.75,Measured,21.33
203,Chlorfenson ,301.9566,302.9644,161.35,Measured,19.32
182,Methidathion ,301.9614,302.9692,151.99,Measured,18.42
394,"Dibenzo[a,l]pyrene ",302.1091,303.1169,163.27,Measured,29.17
396,"Dibenzo[a,e]pyrene ",302.1091,303.1169,160.98,Measured,29.88
397,"Dibenzo[a,i]pyrene ",302.1091,303.1169,161.12,Measured,30.05
398,"3,4:8,9-Dibenzopyrene",302.1091,303.1169,163.25,Measured,30.14
1045,Broxyquinoline,302.8713,303.8791,137.05,Measured,17.79
632,Chlorambucil,303.0788,304.0866,168,Measured,21.64
204,Fenamiphos,303.1053,304.1131,170.8,Measured,19.25
839,Phenoxybenzamine,303.1385,304.1463,177.0933333,Measured,20.55
227,Pseudococaine,303.1466,304.1544,169.74,Measured,20.06
154,Fenpropimorph,303.2557,304.2635,175.904,Measured,18.4
879,Melphalan,304.074,305.0818,172.65,Measured,22.65
811,Clioquinol,304.9099,305.9177,137.5,Measured,18.8
136,Methylpirimiphos,305.0958,306.1036,166.87,Measured,17.09
221,Buprofezin ,305.1557,306.1635,174.19,Measured,19.72
491,Fenazaquin,306.1727,307.1805,175.85,Measured,22.87
575,Butacaine,306.2302,307.238,179,Measured,21.89
974,Quinoxyfen,306.9962,308.004,164.1,Measured,20.7
531,Tolnaftate,307.1026,308.1104,173.35,Measured,23.74
260,Tebuconazole (I),307.1446,308.1524,167.505,Measured,21.44
753,Betaxolol,307.2142,308.222,185.3,Measured,21.36
766,Chloralose,307.9616,308.9694,163.2,Measured,18.54
587,Nimesulide,308.0462,309.054,168.6,Measured,22.87
366,Alprazolam,308.0824,309.0902,171.9466667,Measured,25.53
790,Warfarin,308.1044,309.1122,166.35,Measured,22.95
271,Phenylbutazone,308.152,309.1598,172.6666667,Measured,21.56
464,Benoxinate,308.2095,309.2173,182.3,Measured,21.47
637,Sulfisoxazole Acetyl,309.0778,310.0856,161.2,Measured,22.04
1044,Ketotifen,309.1182,310.126,176.9,Measured,23.09
465,Benzydamine,309.1836,310.1914,170.5,Measured,21.45
954,Nadolol,309.1935,310.2013,172.2433333,Measured,23.33
759,Diphenidol,309.2088,310.2166,175,Measured,21.44
927,Methadone,309.2088,310.2166,176.845,Measured,19.29
469,Dicyclomine,309.2663,310.2741,178.8,Measured,18.98
420,EDPP / Edifenphos,310.0246,311.0324,166.225,Measured,18.94
341,Sulfadimethoxine,310.0731,311.0809,167.984,Measured,24.02
606,Mestranol,310.1928,311.2006,175.4,Measured,23.32
935,Cannabinol,310.1928,311.2006,182.2,Measured,21.93
693,Fenamidone,311.1087,312.1165,172.2875,Measured,22.65
773,Tolazamide,311.1299,312.1377,173.3,Measured,21.86
527,Thebaine,311.1516,312.1594,172.2,Measured,22.77
205,Pretilachlor,311.1647,312.1725,158.6,Measured,19.39
639,Adiphenine,311.188,312.1958,176.25,Measured,19.92
1034,Biperiden,311.2244,312.2322,176.7,Measured,20.56
343,Aflatoxin B1,312.0629,313.0707,163.57,Measured,24.1
646,Desmethylclozapine,312.1137,313.1215,173.8,Measured,24.93
452,Ethopropazine,312.1655,313.1733,168.5,Measured,21.35
459,Ethisterone,312.2084,313.2162,179.5,Measured,24.59
979,Norgestrel,312.2084,313.2162,178.65,Measured,24.01
898,Hexaconazole (I),313.0744,314.0822,172.5866667,Measured,19.84
795,Flunitrazepam,313.0858,314.0936,168.6,Measured,23.09
834,Amoxapine,313.0977,314.1055,170.5333333,Measured,23.43
760,Ethylmorphine,313.1673,314.1751,175.2,Measured,21.57
116,Dichlofenthion,313.9695,314.9773,158.105,Measured,16.48
120,Malaoxon,314.0584,315.0662,163.14,Measured,16.62
875,Nuarimol,314.0617,315.0695,170.5,Measured,20.97
349,Aflatoxin B2,314.0785,315.0863,165.3,Measured,24.27
832,Sulfaphenazole,314.0832,315.091,169.65,Measured,26.17
536,Clomipramine,314.1545,315.1623,173.675,Measured,21.96
355,Progesterone,314.2241,315.2319,179.294,Measured,24.69
474,Dronabinol,314.2241,315.2319,184,Measured,22.78
945,Bromazepam,315.0002,316.008,159.8,Measured,23.28
482,Clonazepam,315.0406,316.0484,169.6,Measured,24.79
526,Flusilazol,315.0998,316.1076,174.95,Measured,18.21
755,Bumetrizole,315.1133,316.1211,177.76,Measured,17.2
305,Oxycodone,315.1466,316.1544,170.0075,Measured,22.43
431,Timolol,316.1564,317.1642,174.445,Measured,20.61
503,Bupirimate,316.1564,317.1642,177.7,Measured,20
263,Phosmet,316.994,318.0018,158.94,Measured,21.32
717,Tetrabenazine,317.1986,318.2064,181.85,Measured,22.37
218,Dichlorodiphenyldichloroethylene,317.9346,318.9424,161.83,Measured,19.66
1046,Brompheniramine,318.0727,319.0805,165.3,Measured,19.01
667,Phenolphthalein,318.0887,319.0965,172.1,Measured,26.56
153,Chlorpromazine,318.0952,319.103,170,Measured,17.48
295,Metconazole (I),319.1446,320.1524,169.02,Measured,21.63
962,Chloroquine,319.181,320.1888,176.8,Measured,23.31
654,"o,p'-DDD",319.9503,320.9581,147.84,Measured,19.35
282,Lorazepam,320.0114,321.0192,165.955,Measured,21.71
510,Terbufos sulfone,320.0335,321.0413,172.88,Measured,18.06
215,Iprovalicarb ,320.2095,321.2173,186.1,Measured,19.6
316,Pyriproxyfen,321.136,322.1438,184.44,Measured,22.2
247,Chloramphenicol,322.0118,323.0196,166.04,Measured,20.56
249,Sulprofos,322.028,323.0358,171.6,Measured,20.74
110,Methyl chlorpyrifos,322.8916,323.8994,153.97,Measured,16.24
291,O-Ethyl O-(4-nitrophenyl) phenylphosphonothioate,323.0376,324.0454,168.785,Measured,22.01
798,Flutolanil,323.1128,324.1206,174.7166667,Measured,16.78
678,Piperidolate,323.188,324.1958,177.375,Measured,21.06
623,Octrizole,323.1993,324.2071,187.23,Measured,23.36
934,"D-Lysergic acid N,N-diethylamide",323.1993,324.2071,179.5,Measured,27.17
948,Azamethiphos,323.9732,324.981,160,Measured,21.03
727,Prazepam,324.1024,325.1102,174,Measured,23.47
938,Acetohexamide,324.1139,325.1217,178.2,Measured,22.99
293,Oxyphenbutazone,324.1469,325.1547,178.205,Measured,22.02
695,Quinidine,324.1833,325.1911,175.25,Measured,24.59
696,Quinine,324.1833,325.1911,176.3966667,Measured,24.66
248,Famphur ,325.0203,326.0281,169.47,Measured,20.66
514,Diniconazole,325.0744,326.0822,175.9,Measured,20.98
478,Midazolam,325.0777,326.0855,172.8,Measured,22.93
463,Clemizole,325.1341,326.1419,179.8,Measured,19.16
830,Monocrotaline,325.152,326.1598,172.9,Measured,20.55
462,Benalaxyl,325.1673,326.1751,174.35,Measured,20.91
196,"2,2',4,5,5'-Pentachlorobiphenyl",325.88,326.8878,157.62,Measured,18.98
228,"2,3,3',4,4'-Pentachlorbiphenyl",325.88,326.8878,157.88,Measured,20.06
231,"2,3',4,4',5-Pentachlorobiphenyl ",325.88,326.8878,158.16,Measured,20.12
236,"2,3,4,4',5-Pentachlorobiphenyl",325.88,326.8878,156.35,Measured,20.29
246,"2,3',4,4',5'-Pentachlorobiphenyl",325.88,326.8878,156.79,Measured,20.56
261,"3,3',4,4',5-Pentachlorbiphenyl",325.88,326.8878,158.96,Measured,21.17
520,Gliotoxin,326.039,327.0468,161.1,Measured,25.22
838,Clozapine,326.1293,327.1371,177.9333333,Measured,24.98
216,Acepromazine,326.1448,327.1526,171.1066667,Measured,19.61
980,Dimoxystrobin,326.1625,327.1703,174.15,Measured,22.12
829,Octabenzone,326.1877,327.1955,193.69,Measured,21.75
689,Hydroquinidine,326.1989,327.2067,176.45,Measured,24.74
690,Hydroquinine,326.1989,327.2067,178.7,Measured,24.61
815,Methyl arachidate,326.318,327.3258,202.97,Measured,20.49
509,Etaconazole (I),327.0536,328.0614,173.1,Measured,21.03
1036,Fluazifop,327.0713,328.0791,173.47,Measured,19.31
998,Loxapine,327.1133,328.1211,175.4,Measured,23.1
302,6-Acetylmorphine,327.1466,328.1544,175.1133333,Measured,22.27
704,Boldine,327.1466,328.1544,179.2,Measured,26.16
933,Naloxone,327.1466,328.1544,171.84,Measured,23.68
620,Benactyzine,327.1829,328.1907,176.6,Measured,20.6
1012,Aflatoxin G1,328.0578,329.0656,165.8,Measured,24.57
761,Pencycuron,328.1337,329.1415,181.5366667,Measured,20.71
953,Methotrimeprazine,328.1604,329.1682,176.8,Measured,22.53
880,Labetalol,328.1782,329.186,177.6066667,Measured,26.53
308,Docosahexaenoic acid,328.2397,329.2475,183.5,Measured,22.5
691,Stanozolol,328.251,329.2588,188.9875,Measured,26.22
242,Iprodione,329.0329,330.0407,179.48,Measured,20.51
266,Epoxiconazole ,329.0726,330.0804,171.31,Measured,21.37
680,Trilostane,329.1986,330.2064,184,Measured,24.69
323,Fenarimol,330.0322,331.04,174.6033333,Measured,22.89
145,Malathion,330.0356,331.0434,165.8266667,Measured,17.29
971,Aflatoxin G2,330.0735,331.0813,168.1,Measured,24.73
837,Piroxicam,331.0622,332.07,170.75,Measured,24.69
309,Isoxaben,332.1731,333.1809,185.93,Measured,22.54
60,Ethalfluralin ,333.0931,334.1009,165.31,Measured,14.27
297,Tebufenpyrad,333.1603,334.1681,193.32,Measured,22.08
828,Ipconazole (I),333.1603,334.1681,173.6,Measured,22.48
455,Carbetapentane,333.2299,334.2377,175.5,Measured,20.75
521,Lormetazepam,334.0271,335.0349,169.5,Measured,23.64
817,Strychnine,334.1676,335.1754,172.8666667,Measured,26.89
894,Zoxamide,335.0242,336.032,177.4,Measured,21.89
701,Fenamiphos sulfone,335.0951,336.1029,179.48,Measured,20.38
67,Trifluralin ,335.1088,336.1166,168.43,Measured,14.56
1016,Hydroxychloroquine,335.1759,336.1837,180.2,Measured,25.21
615,Oxeladin,335.2455,336.2533,177.65,Measured,19.6
492,Dicumarol,336.0629,337.0707,175.35,Measured,23.23
861,Fenbuconazole,336.1137,337.1215,183.7466667,Measured,23.92
1028,Fluoxymesterone,336.2096,337.2174,178.085,Measured,25.32
789,Fentanyl,336.2197,337.2275,182.56,Measured,24.01
730,Lobeline,337.2037,338.2115,186,Measured,24.94
794,Danazol,337.2037,338.2115,186.7,Measured,26
909,"13-Docosenamide, (Z)-",337.334,338.3418,207.73,Measured,24.14
274,Resmethrin ,338.1877,339.1955,184.54,Measured,21.61
1006,Papaverine,339.1466,340.1544,185.8666667,Measured,17.2
1000,Propoxyphene,339.2193,340.2271,179.9,Measured,19.66
930,Disopyramide,339.2306,340.2384,179.5,Measured,22.09
505,Hexetidine,339.3608,340.3686,194,Measured,19.04
279,Pyridafenthion,340.0642,341.072,175.12,Measured,21.67
605,Norethindrone Acetate,340.2033,341.2111,187.3933333,Measured,24.43
664,"Phenol, 2,2'-methylenebis[6-(1,1-dimethylethyl)-4-methyl-",340.2397,341.2475,200.03,Measured,20.47
255,Propiconazole,341.0693,342.0771,177.965,Measured,20.92
496,Naltrexone,341.1622,342.17,176.35,Measured,25.11
863,Thebacon,341.1622,342.17,178.2,Measured,22.67
746,Fenethylline,341.1847,342.1925,177.88,Measured,24.19
655,Propafenone,341.1986,342.2064,177.6,Measured,24.29
111,Endosulfan ether ,341.8516,342.8594,152.53,Measured,16.3
240,Carbophenothion ,341.9734,342.9812,169.85,Measured,20.5
351,Boscalid,342.0322,343.04,174.8875,Measured,24.51
647,Triazolam,342.0434,343.0512,173.1,Measured,26.17
348,Methylthiofanate,342.0451,343.0529,174.806,Measured,24.25
1032,Clemastine,343.1698,344.1776,181.7,Measured,21.69
801,Dibucaine,343.2255,344.2333,195.5666667,Measured,21.29
458,Oxadiazon,344.0689,345.0767,182.17,Measured,19.5
317,Ethyl azinphos,345.0366,346.0444,174.71,Measured,22.67
173,Tolyfluanid ,345.9775,346.9853,159.89,Measured,18.13
585,Nifedipine,346.116,347.1238,172.6,Measured,22.61
389,Corticosterone,346.2139,347.2217,184.28,Measured,27.9
264,Captafol ,348.9074,349.9152,158.09,Measured,21.33
627,Clodinafop-propargyl,349.0512,350.059,180.105,Measured,21.1
876,Phenothrin (I),350.1877,351.1955,189.1,Measured,21.56
854,Pirenzepine,351.169,352.1768,180.95,Measured,27.53
982,Halazepam,352.0585,353.0663,170.9,Measured,20.63
479,Griseofulvin,352.0709,353.0787,178.3,Measured,23.53
994,Hexythiazox,352.1007,353.1085,184.7366667,Measured,23.59
1007,Triflupromazine,352.1216,353.1294,175.6,Measured,16.27
548,Protopine,353.1258,354.1336,178.3,Measured,24.05
892,Proadifen,353.235,354.2428,187.25,Measured,20.92
430,Yohimbine,354.1938,355.2016,186.4333333,Measured,27.07
299,Methyl behenate,354.3493,355.3571,155.6,Measured,22.11
885,Succinylsulfathiazole,355.0292,356.037,182.6,Measured,26.69
774,Amodiaquine,355.1446,356.1524,192.2,Measured,25.47
292,Tetradifon ,355.8809,356.8887,165.97,Measured,22.02
720,Sulindac,356.0877,357.0955,192.1666667,Measured,25.72
547,Conessine,356.3186,357.3264,195.4,Measured,24.35
996,Oxybutynin,357.2299,358.2377,185.7,Measured,22.78
175,Chlorfenvinphos,357.969,358.9768,167.12,Measured,18.2
1002,Prednisone,358.1775,359.1853,182.2383333,Measured,26.47
454,Methyclothiazide,358.9563,359.9641,173.3,Measured,23.42
884,Clethodim,359.1317,360.1395,191.25,Measured,21.89
622,Etoxazole,359.1692,360.177,188.05,Measured,21.81
332,Isopyrazam,359.1804,360.1882,181.9,Measured,23.36
243,"2,2',4,4',5,5'-Hexachlorobiphenyl ",359.841,360.8488,163.51,Measured,20.52
258,"2,2',3,4,4',5'-Hexachlorobiphenyl",359.841,360.8488,162.22,Measured,20.98
270,"2,3,3',4,4',5-Hexachlorobiphenyl",359.841,360.8488,164.54,Measured,21.51
288,"2,3,3',4,4',5'-Hexachlorobiphenyl",359.841,360.8488,163.07,Measured,21.89
290,"2,3',4,4',5,5'-Hexachlorobiphenyl ",359.841,360.8488,162.83,Measured,21.97
310,"3,3',4,4',5,5'-Hexachlorobiphenyl",359.841,360.8488,165.6,Measured,22.56
802,Nitrendipine,360.1316,361.1394,182.1666667,Measured,23.53
371,Cortisone,360.1932,361.201,185.2,Measured,25.89
762,Prednisolone,360.1932,361.201,183.6525,Measured,27.84
223,Oxyfluorfen ,361.0324,362.0402,175.37,Measured,19.8
665,Bisacodyl,361.1309,362.1387,193.5266667,Measured,24.1
331,Octocrylene ,361.2037,362.2115,193.47,Measured,23.26
440,Coumaphos,362.014,363.0218,180.06,Measured,22.83
893,"Benzoic acid, 2-[[[4-[(acetylamino)sulfonyl]phenyl]amino]carbonyl]-",362.0568,363.0646,186.4,Measured,27.28
275,2-Ethylhexyl diphenyl phosphate,362.1642,363.172,189.58,Measured,21.61
383,Hydrocortisone,362.2088,363.2166,186.598,Measured,27.23
589,Flufenacet,363.066,364.0738,178.2,Measured,17.11
155,Aldrin,363.8723,364.8801,161.65,Measured,17.51
163,Isodrin ,363.8723,364.8801,153.87,Measured,17.71
705,Bumetanide,364.1088,365.1166,185.08,Measured,26.85
508,Pyridaben,364.1371,365.1449,197.85,Measured,23.09
416,Metolazone,365.0596,366.0674,181.35,Measured,26.35
734,Indapamide,365.0596,366.0674,185.3,Measured,26.61
700,Periciazine,365.1557,366.1635,186.5,Measured,23.27
165,Bromophos,365.8463,366.8541,157.19,Measured,17.8
591,Picoxystrobin,367.1026,368.1104,186,Measured,19.43
315,Tri-o-cresyl phosphate,368.1172,369.125,181.485,Measured,22.89
339,Tri-p-tolylphosphine,368.1172,369.125,188.78,Measured,23.89
642,"Phosphoric acid, (1-methylethyl)phenyl diphenyl ester",368.1172,369.125,182.9,Measured,26.3
481,Cinnarizine,368.2247,369.2325,205.45,Measured,26.36
329,Diacetylmorphine,369.1571,370.1649,185.82,Measured,23.14
669,Thioridazine,370.1532,371.161,184.9666667,Measured,26.71
278,Spiromesifen ,370.2139,371.2217,196.08,Measured,21.63
543,Octaethylene glycol,370.2198,371.2276,179.65,Measured,23.56
268,Bis(2-ethylhexyl) adipate,370.3078,371.3156,209.38,Measured,21.39
142,Ioxynil,370.8299,371.8377,133.06,Measured,17.25
164,Tetraconazole,371.021,372.0288,175.2025,Measured,17.78
573,Isradipine,371.1476,372.1554,182.4,Measured,22.93
785,Trazodone,371.1508,372.1586,189.85,Measured,28.2
743,Tamoxifen,371.2244,372.2322,197.365,Measured,23.7
126,Heptachlor ,371.8177,372.8255,155.14,Measured,16.87
524,Proquinazid,372.033,373.0408,169.35,Measured,21.73
772,Quizalofop-ethyl,372.0872,373.095,193.28,Measured,24.44
384,Desoxycorticosterone acetate,372.2296,373.2374,194.1,Measured,27.32
963,Prochlorperazine,373.1374,374.1452,183.65,Measured,20.56
206,Profenofos,373.9324,374.9402,166.625,Measured,19.3
1057,Hydroxyzine,374.1756,375.1834,196.35,Measured,25.1
939,Methylprednisolone,374.2088,375.2166,187.9325,Measured,27.34
601,Fluquinconazole (I),375.0085,376.0163,179.6966667,Measured,24.24
901,Prochloraz,375.0303,376.0381,175.82,Measured,23.82
199,Haloxyfop-p-methyl,375.048,376.0558,185.18,Measured,19.18
363,Haloperidol,375.1396,376.1474,193.3533333,Measured,25.17
421,Pipamperone,375.2317,376.2395,193.35,Measured,26.63
765,"Benzenemethanamine, 2-amino-3,5-dibromo-N-cyclohexyl-N-methyl-",375.9968,377.0046,168.39,Measured,21.28
387,Riboflavine,376.1378,377.1456,184.9,Measured,27.8
357,Etofenprox ,376.2033,377.2111,189.39,Measured,24.74
955,17-Desoxymethasone,376.2045,377.2123,186.4,Measured,25.47
277,Bromuconazole (I),376.9512,377.959,167.9133333,Measured,22.27
544,Famprofazone,377.2462,378.254,191.66,Measured,24.84
652,Pyridate,378.1164,379.1242,199.9,Measured,25.29
991,Doxapram,378.2302,379.238,183.6666667,Measured,24.99
428,Cyclopenthiazide,379.0422,380.05,188.23,Measured,24.51
853,Droperidol,379.1691,380.1769,195.8333333,Measured,29
200,Dieldrin ,379.8672,380.875,157.92,Measured,19.18
208,Endrin ,379.8672,380.875,163.84,Measured,19.45
426,Chlorotrianisene,380.1174,381.1252,191.5,Measured,26.53
272,Carbosulfan ,380.2129,381.2207,190.66,Measured,21.58
631,Loratadine,382.1443,383.1521,186.5333333,Measured,25.89
558,Furathiocarb,382.1557,383.1635,193.01,Measured,21.55
871,Felodipine,383.0686,384.0764,181.46,Measured,22.91
229,Fluazifop-P-butyl,383.1339,384.1417,195.84,Measured,20.06
660,Hydrastine,383.1364,384.1442,186.3,Measured,25.64
599,Prazosin,383.1589,384.1667,193.1,Measured,28.08
239,Ethion,383.9871,384.9949,176.5866667,Measured,20.4
969,Diafenthiuron,384.223,385.2308,199.75,Measured,22.41
813,Acequinocyl,384.2296,385.2374,208.51,Measured,25.39
833,Buspirone,385.2473,386.2551,198.0333333,Measured,28.03
768,Sulfentrazone,385.9814,386.9892,177.61,Measured,22.21
887,Mesoridazine,386.1482,387.156,188.1,Measured,28.56
538,Sufentanil,386.2023,387.2101,191.445,Measured,24.66
368,Medroxyprogesterone acetate,386.2452,387.253,198.53,Measured,25.65
583,Cholesterol,386.3544,387.3622,204.6,Measured,26.9
364,Pyraclostrobin,387.0981,388.1059,184.795,Measured,25.39
873,Flurazepam,387.1509,388.1587,185.3,Measured,24.35
936,Terazosin,387.1902,388.198,195.45,Measured,28.27
694,Trimebutine,387.2041,388.2119,198.9,Measured,22.87
169,Heptachlor epoxide a ,387.8126,388.8204,157.61,Measured,17.91
835,Tioconazole,387.9781,388.9859,180.35,Measured,24.39
534,Zopiclone,388.1046,389.1124,187.5,Measured,26.35
517,Trimethobenzamide,388.1993,389.2071,193.3,Measured,27.84
333,Permethrin I ,390.0785,391.0863,187.55,Measured,23.33
754,Meclizine,390.1858,391.1936,206.8333333,Measured,26.27
336,Isodecyl diphenyl phosphate,390.1955,391.2033,201.3,Measured,23.76
882,Digoxigenin,390.2401,391.2479,195.1,Measured,30.05
372,Betamethasone,392.1994,393.2072,195.21,Measured,25.89
610,Dextromoramide,392.2459,393.2537,194.25,Measured,25.56
300,"2,2',3,4,4',5,5'-Heptachlorobiphenyl ",393.802,394.8098,168.12,Measured,22.18
330,"2,3,3',4,4',5,5'-Heptachlorobiphenyl",393.802,394.8098,169.25,Measured,23.18
189,Ethyl bromophos,393.8776,394.8854,166.355,Measured,18.7
269,Diflufenican,394.0736,395.0814,183.86,Measured,21.96
388,Rotenone,394.1411,395.1489,195.542,Measured,27.87
537,Triamcinolone,394.1787,395.1865,188.09,Measured,29.55
864,Brucine,394.1888,395.1966,191.5,Measured,31.76
931,Iodoquinol,396.8456,397.8534,143.35,Measured,21.69
280,Bensulide,397.06,398.0678,183.44,Measured,21.68
1035,Diperodon,397.1997,398.2075,202.65,Measured,25.72
545,Pholcodine,398.2201,399.2279,192.5,Measured,27.22
588,Colchicine,399.1677,400.1755,194.6,Measured,28.51
546,Atabrine,399.2072,400.215,195.7,Measured,26.53
961,Zuclopenthixol,400.1371,401.1449,194,Measured,28.17
618,Cortisone Acetate,402.2037,403.2115,196.5,Measured,28.58
697,Prednisolone Acetate,402.2037,403.2115,194.5,Measured,28.16
237,Acetyl tributyl citrate,402.2249,403.2327,201.155,Measured,20.3
782,Phthalylsulfathiazole,403.0292,404.037,194.9,Measured,30.36
377,Azoxystrobin,403.1163,404.1241,196.74,Measured,26.55
847,Perphenazine,403.148,404.1558,192.5,Measured,23.33
706,Sulfinpyrazone,404.119,405.1268,193.85,Measured,29.92
888,Flunarizine,404.2059,405.2137,210.9666667,Measured,26.3
436,Difenoconazole (I),405.0642,406.072,200.4316667,Measured,26.57
542,Clomiphene,405.1854,406.1932,205.9,Measured,25.97
234,"2,4,4'-Tribromodiphenyl ether",405.8022,406.81,156.47,Measured,20.23
217,Alpha-endosulfan ,405.8135,406.8213,166.32,Measured,19.63
225,Beta-endosulfan ,405.8135,406.8213,164.93,Measured,19.86
406,Hexachlorophene,405.8465,406.8543,172.08,Measured,24.4
338,Permethrin II ,406.0734,407.0812,187.51,Measured,23.87
1047,Trifluoperazine,407.1638,408.1716,188.4666667,Measured,19.54
224,Chlorfenapyr ,407.9669,408.9747,177.74,Measured,19.84
731,Beclomethasone,408.1699,409.1777,189.615,Measured,27.25
386,Cholic acid,408.2871,409.2949,204.4225,Measured,27.73
328,Metrafenone,410.0549,411.0627,182.365,Measured,24.65
504,Spirodiclofen,410.1047,411.1125,194.8,Measured,23.78
361,"Tris(3,5-Dimethylphenyl) phosphate",410.1642,411.172,203.66,Measured,24.97
1039,Squalene,410.3908,411.3986,218.01,Measured,24.3
254,Aurora,411.0359,412.0437,183.89,Measured,20.56
303,Leptophos,411.8671,412.8749,170.075,Measured,22.28
359,Flucythrinate ,412.1544,413.1622,200.93,Measured,24.8
360,Bixafen,413.0305,414.0383,182.745,Measured,24.75
412,Noscapine,413.147,414.1548,194.3,Measured,27.04
485,Flecainide,414.1373,415.1451,192.2,Measured,20.07
577,(+)-Diltiazem,414.1608,415.1686,196.775,Measured,25.7
344,Cypermethrin I ,415.0737,416.0815,198.022,Measured,24.23
352,Cypermethrin II ,415.0737,416.0815,199.97,Measured,24.64
354,Cypermethrin III ,415.0737,416.0815,199.97,Measured,24.67
356,Cypermethrin IV ,415.0737,416.0815,200.33,Measured,24.73
598,Alfentanil,416.2531,417.2609,200.03,Measured,25.09
109,Tefluthrin ,418.0566,419.0644,176.4,Measured,16.23
920,Nimodipine,418.1735,419.1813,198,Measured,24.84
501,Dinonyl phthalate,418.3078,419.3156,228.96,Measured,23.82
358,Fenvalerate I ,419.1283,420.1361,195.49,Measured,24.75
370,Fenvalerate II ,419.1283,420.1361,195.42,Measured,25.69
565,Bendroflumethiazide,421.0373,422.0451,188.6,Measured,23.19
1040,Fenpyroximate,421.1997,422.2075,209.8966667,Measured,25.29
251,Endosulfan sulfate ,421.8084,422.8162,156.41,Measured,20.81
724,Dixyrazine,427.2288,428.2366,201,Measured,28.47
289,Bromopropylate,427.9442,428.952,176.6,Measured,23.26
956,Mebeverine,429.251,430.2588,205.7,Measured,26.93
950,Budesonide,430.235,431.2428,205.3666667,Measured,28.07
380,Alpha-vitamin E,430.3806,431.3884,226.1,Measured,26.68
554,dl-alpha-Tocopherol,430.3806,431.3884,219.7,Measured,26.66
735,Benzthiazide,430.983,431.9908,187.05,Measured,26.9
821,Cyfluthrin (I),433.0643,434.0721,198.14,Measured,24.15
267,Haloxyfop-ethoxyethyl,433.0899,434.0977,191.115,Measured,21.38
375,Halosulfuron-methyl,434.0406,435.0484,195.2,Measured,26.2
1008,Flunisolide,434.21,435.2178,200.86,Measured,25.79
1030,Triamcinolone Acetonide,434.21,435.2178,198.4225,Measured,25.96
168,Fipronil,435.9382,436.946,183.3575,Measured,17.57
791,Fluphenazine,437.1744,438.1822,197.7,Measured,22.44
902,4-Aminofolic acid,440.1552,441.163,204.4,Measured,30.45
923,Norverapamil,440.267,441.2748,207.3,Measured,27.14
395,Folic acid,441.1392,442.147,197.3333333,Measured,29.25
403,Tetracycline,444.1528,445.1606,199.24,Measured,31.57
434,Metopimazine,445.1489,446.1567,196.3,Measured,33.58
1049,Glipizide,445.1779,446.1857,198.3333333,Measured,28.12
319,Lambda cyhalothrin I ,449.1001,450.1079,199.44,Measured,22.77
327,Lambda cyhalothrin II ,449.1001,450.1079,199.5,Measured,23.02
516,Fluocinolone Acetonide,452.2005,453.2083,200.3,Measured,24.94
340,Tris(2-Isopropylphenyl) phosphate,452.2111,453.2189,204.49,Measured,24
586,Diphenoxylate,452.2459,453.2537,216.5,Measured,24.99
382,Verapamil,454.2827,455.2905,210.0875,Measured,27.15
915,Fluoxastrobin,458.0788,459.0866,205.65,Measured,27.84
298,Hexaflumuron,459.9811,460.9889,188.39,Measured,22.11
1037,Pimozide,461.2274,462.2352,213.7,Measured,31.64
183,Fluazinam,463.9509,464.9587,185.96,Measured,18.46
978,Temephos,465.9892,466.997,198.1,Measured,26.69
530,Oxethazaine,467.3143,468.3221,213.7,Measured,30.89
722,Enoxolone,470.3391,471.3469,214.0566667,Measured,31.43
400,Terfenadine,471.3132,472.321,229.115,Measured,30.43
1041,alpha-Tocopherol acetate,472.3911,473.3989,236.83,Measured,26.97
635,Butafenacil,474.08,475.0878,211.7966667,Measured,24.73
843,Loperamide,476.2226,477.2304,221.0666667,Measured,30.17
889,Betamethasone Valerate,476.2569,477.2647,214.75,Measured,28.7
401,Chlortetracycline,478.1138,479.1216,198.78,Measured,30.78
993,Triamcinolone Diacetate,478.1998,479.2076,210.65,Measured,28.1
1042,Nicardipine,479.2051,480.2129,212.0666667,Measured,29.91
418,"Emetan, 6',7',10,11-tetramethoxy-",480.2983,481.3061,219.6,Measured,30.59
797,Chlorantraniliprole,482.968,483.9758,199.1,Measured,30.19
301,"2,2',4,4'-Tetrabromodiphenyl ether",485.7107,486.7185,162.52,Measured,22.26
313,"2,3',4,4'-Tetrabromodiphenyl ether",485.7107,486.7185,163.88,Measured,22.61
347,Flufenoxuron,488.0357,489.0435,205.48,Measured,24.25
244,Chlordecone ,489.6771,490.6849,165.22,Measured,20.53
742,Novaluron,492.0118,493.0196,197.45,Measured,20.38
1054,Glyburide,493.1433,494.1511,205.8666667,Measured,29.14
392,"Tris(2,3-dibromopropyl) phosphate",494.2581,495.2659,193.08,Measured,28.58
324,Ioxynil octanoate,496.9344,497.9422,183.55,Measured,22.92
367,Tau-fluvalinate I ,502.1266,503.1344,218.12,Measured,25.56
369,Tau-fluvalinate II ,502.1266,503.1344,217.44,Measured,25.65
461,"Pregna-1,4-diene-3,20-dione, 9-fluoro-11-?,17,21-trihydroxy-16-?-methyl-,17,21-dipropionate",504.2518,505.2596,218.75,Measured,29.79
376,Deltamethrin ,504.9708,505.9786,194.82,Measured,26.25
378,Flumethrin ,509.0956,510.1034,218.53,Measured,26.61
241,Lufenuron,509.9779,510.9857,198.0675,Measured,20.5
709,Penfluridol,523.1696,524.1774,219,Measured,28.24
374,Indoxacarb,527.0702,528.078,214.92,Measured,25.07
899,Daunorubicin,527.1786,528.1864,224.25,Measured,35.54
922,Chlorflurazurone,538.9625,539.9703,222.05,Measured,27.07
337,"2,2',4,4',6-Pentabromodiphenyl ether",563.6212,564.629,168.11,Measured,23.76
346,"2,2',4,4',5-Pentabromodiphenyl ether",563.6212,564.629,170.49,Measured,24.24
362,"2,2',3,4,4'-Pentabromodiphenyl ether",563.6212,564.629,168.69,Measured,25.02
989,Ergotamine,581.2633,582.2711,231.8,Measured,31.16
365,"2,2',4,4',5,6'-Hexabromodiphenyl ether",643.5297,644.5375,175.19,Measured,25.42
373,"2,2',4,4',5,5'-Hexabromodiphenyl ether",643.5297,644.5375,177.57,Measured,26.1
624,Amiodarone,645.0232,646.031,226.8666667,Measured,31.42
992,Aconitine,645.3144,646.3222,236.6,Measured,35.77
393,"1,2-Bis(2,4,6-tribromophenoxy)ethane",687.5559,688.5637,182.34,Measured,28.61
385,"2,2',3,4,4',6,6'-Heptabromodiphenyl ether",721.4402,722.448,177,Measured,27.59
390,"2,2',3,4,4',5',6-Heptabromodiphenyl ether",721.4402,722.448,180.63,Measured,28
391,"2,3,3',4,4',5',6-Heptabromodiphenyl ether",721.4402,722.448,182.75,Measured,28.58
399,"2,2',3,3',4,4',6,6'-Octabromodiphenyl ether",801.3486,802.3564,182.94,Measured,30.39
402,"2,2',3,3',4,4',5,6'-Octabromodiphenyl ether",801.3486,802.3564,186.85,Measured,31.04
